info,mean.support,selection.frequency
m1,0.29095643560343,0.302
m2,0.0411322800059986,0.03
m3,0.0691938777395848,0.062
m4,0.598717406650986,0.606
accuracy,0.997155346955511,NA
